title,subtitle,text,url,images,thumbnail,status,filter1,filter2,filter3,Pricing
Vibe Coding for web with Cursor AI,vibe coding,How to build a React web app in just a few minutes with AI,https://uxplanet.org/vibe-coding-for-web-with-cursor-ai-0059aa5e5803,https://daniel66.sirv.com/Cursor/React%20app.png,https://miro.medium.com/v2/resize:fit:1100/format:webp/1*3RT15SmocXApBSPJPAxujw.png,,Advanced; Workflow,,,
Use Cursor AI for Free,,"Want to use Cursor AI for free? This guide explores four methods to unlock premium features, including free trials, reset tools, and hacks.",https://apidog.com/blog/free-cursor-ai/,https://daniel66.sirv.com/Cursor/React%20app.png,https://daniel66.sirv.com/Cursor/React%20app.png,,Beginner; Intermediate,,,
Cursor AI: A Guide With 10 Practical Examples,,"Learn how to install Cursor AI on Windows, macOS, and Linux, and discover how to use it through 10 different use cases.",https://www.datacamp.com/tutorial/cursor-ai-code-editor?dc_referrer=https%3A%2F%2Fwww.google.com%2F,https://daniel66.sirv.com/Cursor/Guide.png,https://daniel66.sirv.com/Cursor/Guide.png,,Beginner; Intermediate,,,
Cursor Tutorial for Beginners (AI Code Editor),,"The most important part - how to keep the Cursor aware of the full context at all times, by using external notes and cursorrules.",https://www.youtube.com/watch?v=ocMOZpuAMw4,https://daniel66.sirv.com/Cursor/cursor%20tutorial.png,https://daniel66.sirv.com/Cursor/cursor%20tutorial.png,,Beginner; ,303.4K,,
"Vibe Coding with Cursor AI, A Complete Guide for Beginners",,"Cursor is not just a code completion tool but an AI-driven strategist that optimizes entire projects. Learn how its Composer Agent feature, seamless team collaboration tools, and enhanced security options make it ideal for developers looking to improve productivity and ensure high-quality code.",https://apidog.com/blog/vibe-coding-cursor-ai/,https://daniel66.sirv.com/Cursor/vibe%20coding.png,https://daniel66.sirv.com/Cursor/vibe%20coding.png,,Beginner; ,,,
Cursor AI Tutorial for Beginners [2025 Edition],,Cursor is a powerful new AI-powered code editor that makes coding much faster with the help of AI.,https://www.youtube.com/watch?v=3289vhOUdKA,https://daniel66.sirv.com/Cursor/tutorial.png,https://daniel66.sirv.com/Cursor/tutorial.png,,Beginner; ,75.7K,,
Make Cursor AI 100x More Powerful With MCP Servers,,Here's how to set up and add MCP servers to Cursori AI to make it even more powerful and 100x your productivity.,https://www.youtube.com/watch?v=WYcM0pnMqLU,https://daniel66.sirv.com/Cursor/mcp.png,https://daniel66.sirv.com/Cursor/mcp.png,,Advanced; MCP Servers,2.4K,,
How Cursor (AI IDE) Works,,Turning LLMs into coding experts and how to take advantage of them.,https://blog.sshh.io/p/how-cursor-ai-ide-works,https://daniel66.sirv.com/Cursor/cursor%20ide.png,https://daniel66.sirv.com/Cursor/cursor%20ide.png,,Prompting; Workflow,,,
You are using Cursor AI incorrectly…,,How to set rules in Cursor,https://ghuntley.com/stdlib/,https://daniel66.sirv.com/Cursor/cursor%20rules.png,https://daniel66.sirv.com/Cursor/cursor%20rules.png,,Prompting; Workflow; Advanced,,,
Unlock Cursor AI for FREE: 4 Secret Methods Revealed!,,"Are you tired of hitting paywalls while trying to boost your coding productivity? The struggle is real—Cursor AI offers game-changing assistance for developers, but those premium features behind the Pro membership can leave your wallet feeling lighter. What if I told you there's a way to access those coveted capabilities without opening your wallet?",https://dev.to/jimmylin/unlock-cursor-ai-for-free-4-secret-methods-revealed-2pfk,https://daniel66.sirv.com/Cursor/cursor%20free_1.png,https://daniel66.sirv.com/Cursor/cursor%20free_1.png,,Beginner; Intermediate,,,
Cursor AI Tutorial - My Personal Tips & Tricks (AI Code Editor),,Cursor AI tutorial for beginners,https://www.youtube.com/watch?v=rwxRoYzwkyM,https://daniel66.sirv.com/Cursor/tutorial_1.png,https://daniel66.sirv.com/Cursor/tutorial_1.png,,Beginner; Intermediate; Workflow,390K,,
How I Made Cursor AI 10x More Powerful using MCP,,I present to you six productivity hacks to turbocharge your AI coding with cursor and mCP so that you can focus on what matters.,https://www.youtube.com/watch?v=EPDCuJIrMyI,https://daniel66.sirv.com/Cursor/mcp_1.png,https://daniel66.sirv.com/Cursor/mcp_1.png,,Advanced; MCP Servers,8K,,
How To Use Cursor AI For Beginners,,Cursor AI is an advanced code editor designed to enhance your productivity by integrating AI seamlessly into your coding workflow.,https://www.youtube.com/watch?v=Rgz6mX93C4Y,https://daniel66.sirv.com/Cursor/how%20to.png,https://daniel66.sirv.com/Cursor/how%20to.png,,Beginner,390K,,
Get Started with Cursor - The AI Code Editor,,Start Learning Cursor,https://www.youtube.com/watch?v=CqkZ-ybl3lg,https://daniel66.sirv.com/Cursor/ai%20editor.png,https://daniel66.sirv.com/Cursor/ai%20editor.png,,Beginner,55K,,
Cursor AI tutorial for beginners,,"In this episode, I am joined by Ras Mic, a full stack engineer & YouTuber, where we dive deep into the frameworks and strategies on how to best use Cursor AI. Mic shares his unique insights into how to use and set up Cursor to make the experience of building on top of Cursor as easy and seamless as possible. ",https://www.youtube.com/watch?v=gqUQbjsYZLQ,https://daniel66.sirv.com/Cursor/isenberg.png,https://daniel66.sirv.com/Cursor/isenberg.png,,Beginner,370k,,
I invented a new technique for Cursor.,,"Using this, I reduced AI hallucinations and assumptions by 85%. I am calling it “knowledge base” technique.",https://x.com/PrajwalTomar_/status/1903808358869610712,https://pbs.twimg.com/media/GmusV8fWMAE_MXk?format=jpg&name=medium,https://pbs.twimg.com/media/GmusV8fWMAE_MXk?format=jpg&name=medium,,Advanced; Workflow; Prompting,1.4M,,
When to use which AI mode?,,"Cursor beginners usually struggle with when to use which AI mode in Cursor:
· AI Chat
· Composer
· Agent
Here's a full guide",https://x.com/moritzkremb/status/1881356046486442091,https://pbs.twimg.com/media/GhvrWmvbwAI9j5B?format=jpg&name=900x900,https://pbs.twimg.com/media/GhvrWmvbwAI9j5B?format=jpg&name=900x900,,Intermediate; Workflow,4.2k,,
Everything you need to master Cursor AI.,,A megathread by Kevin Kern,https://x.com/kregenrek/status/1864366118548197831,https://pbs.twimg.com/media/Gd-K4ozXsAANZWE?format=jpg&name=900x900,https://pbs.twimg.com/media/Gd-K4ozXsAANZWE?format=jpg&name=900x900,,Beginner; Intermediate; Workflow,,,
Introducing a powerful solution for managing and steering multiple AI agents in Cursor,,Start with cloning .agentic-cursorrules alongside your main repository to enforce domain boundaries and prevent cross-agent conflicts:,https://x.com/StijnSmits/status/1861206261381112296,https://daniel66.sirv.com/Cursor/multiple%20agents.png,https://daniel66.sirv.com/Cursor/multiple%20agents.png,,Advanced; AI Agents,57k,,
Cursors AI Agent builds apps,,"It plans tasks, connects APIs, and executes actions.",https://x.com/kregenrek/status/1865808159987601520,https://pbs.twimg.com/media/GeSpY_XXcAAyM_q?format=jpg&name=900x900,https://pbs.twimg.com/media/GeSpY_XXcAAyM_q?format=jpg&name=900x900,,Advanced; AI Agents; Workflow,400k,,
My Cursor course is live.,,It covers *everything* you need to know to start writing code with AI today.,https://x.com/mckaywrigley/status/1826316751480693206,https://daniel66.sirv.com/Cursor/course%20live.png,https://daniel66.sirv.com/Cursor/course%20live.png,,Beginner; Intermediate; Workflow,230k,,
The ultimate guide to making AI games with Cursor,,We've studied vibe coders for weeks to collect all the do's and don'ts.Here are 30 of the VERY BEST tips for avoiding headaches in Cursor and becoming your own game studio .,https://x.com/IndieHackers/status/1904490949369274425,https://daniel66.sirv.com/Cursor/indie%20hackers.png,https://daniel66.sirv.com/Cursor/indie%20hackers.png,,AI Games; Workflow,102k,,
Cursor introduces AI Agents,,Hands-on Tutorial to create an App?? What is Cursor AI? ?? How to Install? ????? How to Use? ?? How to Create Applications? ?? Key Features ?? Comparison with @Replit Agents and http://Bolt.new,https://x.com/MervinPraison/status/1860990174622077210,https://daniel66.sirv.com/Cursor/cursor%20agent.png,https://daniel66.sirv.com/Cursor/cursor%20agent.png,,Advanced; AI Agents; Workflow,37k,,
My Cursor AI Workflow That Actually Works,,"After learning from my mistakes, I wanted to share what actually works for me as a solo developer.",https://www.reddit.com/r/cursor/comments/1jd4s83/my_cursor_ai_workflow_that_actually_works/,https://daniel66.sirv.com/Cursor/reddit%201.png,https://daniel66.sirv.com/Cursor/reddit%201.png,,Workflow,,,
Cursor AI God Mode I Accidentally Unlocked with Claude 3.7 Sonnet,,The Standard Approach (Complete Failure). So I try something different. Something... unhinged.,https://www.reddit.com/r/cursor/comments/1jg4a5x/cursor_ai_god_mode_i_accidentally_unlocked_with/,https://daniel66.sirv.com/Cursor/reddit%202.png,https://daniel66.sirv.com/Cursor/reddit%202.png,,Prompting; Debugging,,,
Cursor AI tips from past 2 months of usage,,"Background: I am a software engineer/dev agency owner and use cursor a lot to ship products and work on my client projects. So switching to cursor has improved my productivity a lot. Here are some of the tips that have worked well for me, so thought of sharing it to the community.",https://www.reddit.com/r/cursor/comments/1hqf6rz/cursor_ai_tips_from_past_2_months_of_usage/,https://daniel66.sirv.com/Cursor/reddit%203.png,https://daniel66.sirv.com/Cursor/reddit%203.png,,Workflow,,,
Cursor AI Cheat Sheet,,Tips on how to use the Cursor AI Agent,https://www.reddit.com/r/cursor/comments/1iuxiem/cursor_ai_cheat_sheet/,https://preview.redd.it/cursor-ai-cheat-sheet-v0-oxihvilm9jke1.jpeg?width=1080&crop=smart&auto=webp&s=9455e858d19e12be50ccaa9b582f3393561839eb,https://preview.redd.it/cursor-ai-cheat-sheet-v0-oxihvilm9jke1.jpeg?width=1080&crop=smart&auto=webp&s=9455e858d19e12be50ccaa9b582f3393561839eb,,AI Agents,,,
